accession	domain	phylum	class	order	family	genus	species	ambiguous_bases	checkm_completeness	checkm_contamination	checkm_marker_count	checkm_marker_lineage	checkm_marker_set_count	checkm_strain_heterogeneity	coding_bases	coding_density	contig_count	gc_count	gc_percentage	genome_size	gtdb_genome_representative	gtdb_representative	gtdb_taxonomy	gtdb_type_designation	gtdb_type_designation_sources	gtdb_type_species_of_genus	l50_contigs	l50_scaffolds	longest_contig	longest_scaffold	lsu_23s_contig_len	lsu_23s_count	lsu_23s_length	lsu_23s_query_id	lsu_5s_contig_len	lsu_5s_count	lsu_5s_length	lsu_5s_query_id	lsu_silva_23s_blast_align_len	lsu_silva_23s_blast_bitscore	lsu_silva_23s_blast_evalue	lsu_silva_23s_blast_perc_identity	lsu_silva_23s_blast_subject_id	lsu_silva_23s_taxonomy	mean_contig_length	mean_scaffold_length	mimag_high_quality	mimag_low_quality	mimag_medium_quality	n50_contigs	n50_scaffolds	ncbi_assembly_level	ncbi_assembly_name	ncbi_assembly_type	ncbi_bioproject	ncbi_biosample	ncbi_contig_count	ncbi_contig_n50	ncbi_country	ncbi_date	ncbi_genbank_assembly_accession	ncbi_genome_category	ncbi_genome_representation	ncbi_isolate	ncbi_isolation_source	ncbi_lat_lon	ncbi_molecule_count	ncbi_ncrna_count	ncbi_organism_name	ncbi_protein_count	ncbi_refseq_category	ncbi_rrna_count	ncbi_scaffold_count	ncbi_scaffold_l50	ncbi_scaffold_n50	ncbi_scaffold_n75	ncbi_scaffold_n90	ncbi_seq_rel_date	ncbi_spanned_gaps	ncbi_species_taxid	ncbi_ssu_count	ncbi_strain_identifiers	ncbi_submitter	ncbi_taxid	ncbi_taxonomy	ncbi_taxonomy_unfiltered	ncbi_total_gap_length	ncbi_total_length	ncbi_translation_table	ncbi_trna_count	ncbi_type_material_designation	ncbi_ungapped_length	ncbi_unspanned_gaps	ncbi_wgs_master	protein_count	scaffold_count	ssu_contig_len	ssu_count	ssu_gg_blast_align_len	ssu_gg_blast_bitscore	ssu_gg_blast_evalue	ssu_gg_blast_perc_identity	ssu_gg_blast_subject_id	ssu_gg_taxonomy	ssu_length	ssu_query_id	ssu_silva_blast_align_len	ssu_silva_blast_bitscore	ssu_silva_blast_evalue	ssu_silva_blast_perc_identity	ssu_silva_blast_subject_id	ssu_silva_taxonomy	total_gap_length	trna_aa_count	trna_count	trna_selenocysteine_count
GB_GCA_004297005.1	Bacteria	Proteobacteria	Gammaproteobacteria	Nevskiales	Nevskiaceae	Stagnimonas	Stagnimonas sp004297005	0.0	94.57	1.49	481.0	c__Gammaproteobacteria (UID4202)	276.0	0.0	3288361.0	92.0361375710837	63.0	2402755.0	67.24939558935571	3572902.0	GB_GCA_004297005.1	t	d__Bacteria;p__Proteobacteria;c__Gammaproteobacteria;o__Nevskiales;f__Nevskiaceae;g__Stagnimonas;s__Stagnimonas sp004297005	not type material	none	f	14.0	14.0	199209.0	199209.0	118555	1.0	2832	SCVA01000013.1	118555	1.0	108	SCVA01000013.1	2848	3949	0	91.854	CP031704.308244.311119	Bacteria;Proteobacteria;Gammaproteobacteria;Salinisphaerales;Solimonadaceae;Solimonas;Solimonas sp. K1W22B-7	56712.0	56712.0	t	f	f	99515.0	99515.0	Contig	ASM429700v1	na	PRJNA514088	SAMN10720232	63	99515	none	2019-02-25	GCA_004297005.1	derived from metagenome	full	GW715_bin.28	none	none	0.0	1	Sinobacteraceae bacterium	none	na	3	none	none	none	none	none	2019/02/25	0.0	1969813.0	1	GW715_bin.28	University of Oklahoma	1969813.0	d__Bacteria;p__Proteobacteria;c__Gammaproteobacteria;o__Nevskiales;f__Sinobacteraceae;g__;s__	d__Bacteria;p__Proteobacteria;c__Gammaproteobacteria;o__Nevskiales;f__Sinobacteraceae;x__unclassified Sinobacteraceae;s__Sinobacteraceae bacterium	0.0	3572902.0	11	38	none	3572902.0	0.0	SCVA00000000.1	3225.0	63.0	118555	1.0	none	none	none	none	none	none	1521	SCVA01000013.1	1478	2706	0	99.729	MG649968.1.1477	Bacteria;Proteobacteria;Gammaproteobacteria;Salinisphaerales;Solimonadaceae;uncultured;Sinobacteraceae bacterium	0.0	18.0	38.0	0.0
RS_GCF_000271305.1	Bacteria	Proteobacteria	Gammaproteobacteria	Nevskiales	Nevskiaceae	Hydrocarboniphaga	Hydrocarboniphaga effusa	0.0	98.82	4.2	481.0	c__Gammaproteobacteria (UID4202)	276.0	68.75	4694581.0	90.3859816254602	4.0	3385581.0	65.1834662257414	5193926.0	RS_GCF_000271305.1	t	d__Bacteria;p__Proteobacteria;c__Gammaproteobacteria;o__Nevskiales;f__Nevskiaceae;g__Hydrocarboniphaga;s__Hydrocarboniphaga effusa	type strain of species	LPSN; DSMZ	t	1.0	1.0	2597151.0	2597151.0	2597151	1.0	2825	NZ_AKGD01000001.1	2597151	2.0	108	NZ_AKGD01000001.1	2825	5217	0	100	AKGD01000001.2157063.2159890	Bacteria;Proteobacteria;Gammaproteobacteria;Salinisphaerales;Solimonadaceae;Hydrocarboniphaga;Hydrocarboniphaga effusa AP103	1298481.0	1298481.0	t	f	f	2597151.0	2597151.0	Contig	ASM27130v1	na	PRJNA224116	SAMN02469573	4	2597151	USA: New Jersey	2012-06-17	GCA_000271305.1	none	full	none	soil sample contaminated with heavy fuel oil	none	0.0	2	Hydrocarboniphaga effusa AP103	4502	representative genome	4	none	none	none	none	none	2012/06/17	0.0	243629.0	1	AP103	Chonbuk National University	1172194.0	d__Bacteria;p__Proteobacteria;c__Gammaproteobacteria;o__Nevskiales;f__Sinobacteraceae;g__Hydrocarboniphaga;s__Hydrocarboniphaga effusa	d__Bacteria;p__Proteobacteria;c__Gammaproteobacteria;o__Nevskiales;f__Sinobacteraceae;g__Hydrocarboniphaga;s__Hydrocarboniphaga effusa;x__Hydrocarboniphaga effusa AP103	0.0	5193926.0	11	68	assembly from type material	5193926.0	0.0	AKGD00000000.1	4488.0	4.0	2597151	1.0	none	none	none	none	none	none	1523	NZ_AKGD01000001.1	1519	2806	0	100	AKGD01000001.2155039.2156557	Bacteria;Proteobacteria;Gammaproteobacteria;Salinisphaerales;Solimonadaceae;Hydrocarboniphaga;Hydrocarboniphaga effusa AP103	0.0	20.0	67.0	0.0
RS_GCF_003730135.1	Bacteria	Proteobacteria	Gammaproteobacteria	Nevskiales	Nevskiaceae	Stagnimonas	Stagnimonas aquatica	0.0	99.28	1.15	481.0	c__Gammaproteobacteria (UID4202)	276.0	0.0	3476587.0	91.5211398933996	15.0	2568514.0	67.6161215330309	3798671.0	RS_GCF_003730135.1	t	d__Bacteria;p__Proteobacteria;c__Gammaproteobacteria;o__Nevskiales;f__Nevskiaceae;g__Stagnimonas;s__Stagnimonas aquatica	type strain of species	LPSN; DSMZ	t	3.0	3.0	1043433.0	1043433.0	1043433	1.0	2832	NZ_RJVO01000001.1	1043433	1.0	108	NZ_RJVO01000001.1	2851	3938	0	91.792	CP031704.308244.311119	Bacteria;Proteobacteria;Gammaproteobacteria;Salinisphaerales;Solimonadaceae;Solimonas;Solimonas sp. K1W22B-7	253244.0	253244.0	t	f	f	499372.0	499372.0	Contig	ASM373013v1	na	PRJNA224116	SAMN10351935	15	499372	none	2018-11-14	GCA_003730135.1	none	full	none	none	none	0.0	1	Stagnimonas aquatica	none	representative genome	3	none	none	none	none	none	2018/11/14	0.0	2689987.0	1	THS-13	National Kaohsiung University of Science and Technology	2689987.0	d__Bacteria;p__Proteobacteria;c__Gammaproteobacteria;o__Nevskiales;f__Sinobacteraceae;g__Stagnimonas;s__Stagnimonas aquatica	d__Bacteria;p__Proteobacteria;c__Gammaproteobacteria;o__Nevskiales;f__Sinobacteraceae;g__Stagnimonas;s__Stagnimonas aquatica	0.0	3798671.0	11	46	assembly from type material	3798671.0	0.0	RJVO00000000.1	3328.0	15.0	1043433	1.0	none	none	none	none	none	none	1521	NZ_RJVO01000001.1	1478	2723	0	99.932	MG649968.1.1477	Bacteria;Proteobacteria;Gammaproteobacteria;Salinisphaerales;Solimonadaceae;uncultured;Sinobacteraceae bacterium	0.0	20.0	46.0	0.0
RS_GCF_012241385.1	Bacteria	Proteobacteria	Gammaproteobacteria	Nevskiales	Nevskiaceae	Solimonas	Solimonas sp012241385	0.0	99.55	0.45	481.0	c__Gammaproteobacteria (UID4202)	276.0	0.0	4256573.0	90.5555374724152	33.0	3072940.0	65.3745943792069	4700511.0	RS_GCF_012241385.1	t	d__Bacteria;p__Proteobacteria;c__Gammaproteobacteria;o__Nevskiales;f__Nevskiaceae;g__Solimonas;s__Solimonas sp012241385	not type material	none	f	5.0	5.0	723078.0	723078.0	3130	1.0	2842	NZ_JAAVXB010000024.1	3130	1.0	108	NZ_JAAVXB010000024.1	2843	4604	0	95.92	ARNM01000019.898.3751	Bacteria;Proteobacteria;Gammaproteobacteria;Salinisphaerales;Solimonadaceae;Solimonas;Solimonas variicoloris DSM 15731	142439.0	142439.0	t	f	f	288815.0	288815.0	Contig	ASM1224138v1	na	PRJNA224116	SAMN14255438	33	288815	none	2020-04-08	GCA_012241385.1	none	full	none	none	none	0.0	1	Solimonas sp. C16B3	none	na	3	none	none	none	none	none	2020/04/08	0.0	2714601.0	1	C16B3	Third Institute of Oceanography, State Oceanic Administration	2714601.0	d__Bacteria;p__Proteobacteria;c__Gammaproteobacteria;o__Nevskiales;f__Sinobacteraceae;g__Solimonas;s__	d__Bacteria;p__Proteobacteria;c__Gammaproteobacteria;o__Nevskiales;f__Sinobacteraceae;g__Solimonas;x__unclassified Solimonas;s__Solimonas sp. C16B3	0.0	4700511.0	11	45	none	4700511.0	0.0	JAAVXB000000000.1	4175.0	33.0	1691	1.0	none	none	none	none	none	none	1525	NZ_JAAVXB010000025.1	1488	2508	0	97.11	AJ555478.1.1487	Bacteria;Proteobacteria;Gammaproteobacteria;Salinisphaerales;Solimonadaceae;Solimonas;Solimonas variicoloris	0.0	19.0	43.0	0.0
RS_GCF_900113085.1	Bacteria	Proteobacteria	Gammaproteobacteria	Nevskiales	Nevskiaceae	Fontimonas	Fontimonas thermophila	0.0	100.0	0.54	481.0	c__Gammaproteobacteria (UID4202)	276.0	0.0	2526659.0	92.4317551599757	31.0	1781944.0	65.2639721297234	2733540.0	RS_GCF_900113085.1	t	d__Bacteria;p__Proteobacteria;c__Gammaproteobacteria;o__Nevskiales;f__Nevskiaceae;g__Fontimonas;s__Fontimonas thermophila	type strain of species	LPSN; DSMZ	t	5.0	5.0	374148.0	374148.0	164976	1.0	2855	NZ_FOOC01000006.1	164976	1.0	108	NZ_FOOC01000006.1	2855	5273	0	100	FOOC01000006.137106.139969	Bacteria;Proteobacteria;Gammaproteobacteria;Salinisphaerales;Solimonadaceae;Solimonas;Fontimonas thermophila	88076.0	97626.0	t	f	f	164976.0	212208.0	Scaffold	IMG-taxon 2622736503 annotated assembly	na	PRJNA224116	SAMN04488120	31	164976	none	2016-11-02	GCA_900113085.1	none	full	none	none	none	0.0	1	Fontimonas thermophila	2512	representative genome	3	none	none	none	none	none	2016/11/02	3.0	1076937.0	1	DSM 23609	DOE - JOINT GENOME INSTITUTE	1076937.0	d__Bacteria;p__Proteobacteria;c__Gammaproteobacteria;o__Nevskiales;f__Sinobacteraceae;g__Fontimonas;s__Fontimonas thermophila	d__Bacteria;p__Proteobacteria;c__Gammaproteobacteria;o__Nevskiales;f__Sinobacteraceae;g__Fontimonas;s__Fontimonas thermophila	3176.0	2733540.0	11	46	assembly from type material	2730364.0	0.0	FOOC00000000.1	2515.0	28.0	164976	1.0	1468	2712	0	100	1125363	k__Bacteria;p__Proteobacteria;c__Gammaproteobacteria;o__Xanthomonadales;f__Sinobacteraceae;g__;s__	1527	NZ_FOOC01000006.1	1468	2712	0	100	JN415769.1.1468	Bacteria;Proteobacteria;Gammaproteobacteria;Salinisphaerales;Solimonadaceae;Fontimonas;Fontimonas thermophila	3176.0	20.0	46.0	0.0
RS_GCF_000426685.1	Bacteria	Proteobacteria	Gammaproteobacteria	Nevskiales	Nevskiaceae	Solimonas	Solimonas flava	0.0	100.0	0.41	480.0	c__Gammaproteobacteria (UID4202)	275.0	0.0	4037719.0	90.5276957125046	30.0	3071242.0	68.8932391470294	4460203.0	RS_GCF_000426685.1	t	d__Bacteria;p__Proteobacteria;c__Gammaproteobacteria;o__Nevskiales;f__Nevskiaceae;g__Solimonas;s__Solimonas flava	type strain of species	LPSN; DSMZ	f	5.0	5.0	611956.0	611956.0	4787	1.0	2851	NZ_AUFV01000028.1	none	0.0	none	none	2850	5230	0	99.789	ARNM01000019.898.3751	Bacteria;Proteobacteria;Gammaproteobacteria;Salinisphaerales;Solimonadaceae;Solimonas;Solimonas variicoloris DSM 15731	148599.0	165192.0	f	f	t	329114.0	365900.0	Scaffold	ASM42668v1	na	PRJNA224116	SAMN02440644	30	329114	China	2013-07-11	GCA_000426685.1	none	full	none	none	32.0942 N 118.8004 E	0.0	1	Solimonas flava DSM 18980	3954	representative genome	4	27	5	365900	167762	90664	2013/07/11	3.0	415849.0	3	DSM 18980	DOE Joint Genome Institute	1123257.0	d__Bacteria;p__Proteobacteria;c__Gammaproteobacteria;o__Nevskiales;f__Sinobacteraceae;g__Solimonas;s__Solimonas flava	d__Bacteria;p__Proteobacteria;c__Gammaproteobacteria;o__Nevskiales;f__Sinobacteraceae;g__Solimonas;s__Solimonas flava;x__Solimonas flava DSM 18980	2230.0	4460203.0	11	45	assembly from type material	4457973.0	0.0	AUFV00000000.1	3958.0	27.0	4787	1.0	1334	2429	0	99.55	175477	k__Bacteria;p__Proteobacteria;c__Gammaproteobacteria;o__Xanthomonadales;f__Sinobacteraceae;g__;s__	1334	NZ_AUFV01000028.1	1323	2444	0	100	AUFV01000028.3446.4787	Bacteria;Proteobacteria;Gammaproteobacteria;Salinisphaerales;Solimonadaceae;Solimonas;Solimonas flava DSM 18980	2230.0	20.0	45.0	0.0
RS_GCF_004364935.1	Bacteria	Proteobacteria	Gammaproteobacteria	Nevskiales	Nevskiaceae	Panacagrimonas	Panacagrimonas perspica	0.0	99.55	1.81	481.0	c__Gammaproteobacteria (UID4202)	276.0	0.0	4840325.0	89.6525825248473	20.0	3561707.0	65.9839672817093	5398980.0	RS_GCF_004364935.1	t	d__Bacteria;p__Proteobacteria;c__Gammaproteobacteria;o__Nevskiales;f__Nevskiaceae;g__Panacagrimonas;s__Panacagrimonas perspica	type strain of species	LPSN; DSMZ	t	3.0	2.0	1929300.0	2552833.0	1161907	1.0	2824	NZ_SOBT01000009.1	1161907	1.0	109	NZ_SOBT01000009.1	2833	4185	0	93.435	AKGD01000001.2157063.2159890	Bacteria;Proteobacteria;Gammaproteobacteria;Salinisphaerales;Solimonadaceae;Hydrocarboniphaga;Hydrocarboniphaga effusa AP103	269891.0	337436.0	t	f	f	599369.0	1161907.0	Scaffold	ASM436493v1	na	PRJNA224116	SAMN09074684	20	599369	none	2019-03-22	GCA_004364935.1	none	full	none	none	none	0.0	1	Panacagrimonas perspica	none	representative genome	3	none	none	none	none	none	2019/03/22	4.0	381431.0	1	DSM 26377	DOE Joint Genome Institute	381431.0	d__Bacteria;p__Proteobacteria;c__Gammaproteobacteria;o__Nevskiales;f__Sinobacteraceae;g__Panacagrimonas;s__Panacagrimonas perspica	d__Bacteria;p__Proteobacteria;c__Gammaproteobacteria;o__Nevskiales;f__Sinobacteraceae;g__Panacagrimonas;s__Panacagrimonas perspica	1143.0	5398980.0	11	48	assembly from type material	5397837.0	0.0	SOBT00000000.1	4816.0	16.0	1161907	1.0	none	none	none	none	none	none	1525	NZ_SOBT01000009.1	1475	2719	0	99.932	AB257720.1.1477	Bacteria;Proteobacteria;Gammaproteobacteria;Salinisphaerales;Solimonadaceae;Panacagrimonas;Panacagrimonas perspica	1143.0	20.0	46.0	0.0
RS_GCF_005047655.1	Bacteria	Proteobacteria	Gammaproteobacteria	Nevskiales	Nevskiaceae	CAU-1509	CAU-1509 sp005047655	0.0	99.64	2.33	481.0	c__Gammaproteobacteria (UID4202)	276.0	0.0	4141891.0	91.13424414234741	27.0	2870752.0	63.169434354774396	4544824.0	RS_GCF_005047655.1	t	d__Bacteria;p__Proteobacteria;c__Gammaproteobacteria;o__Nevskiales;f__Nevskiaceae;g__CAU-1509;s__CAU-1509 sp005047655	not type material	none	f	5.0	4.0	561304.0	719926.0	719926	2.0	2852	NZ_SUKF01000001.1	719926	2.0	108	NZ_SUKF01000001.1	2852	4285	0	93.829	ARNM01000019.898.3751	Bacteria;Proteobacteria;Gammaproteobacteria;Salinisphaerales;Solimonadaceae;Solimonas;Solimonas variicoloris DSM 15731	168315.0	189367.0	t	f	f	401904.0	452977.0	Scaffold	ASM504765v1	na	PRJNA224116	SAMN11269701	27	401904	none	2019-05-01	GCA_005047655.1	none	full	none	none	none	0.0	1	Sinimarinibacterium sp. CAU 1509	none	na	6	none	none	none	none	none	2019/05/01	3.0	2562283.0	2	CAU 1509	Chung-ang University	2562283.0	d__Bacteria;p__Proteobacteria;c__Gammaproteobacteria;o__Nevskiales;f__Sinobacteraceae;g__Sinimarinibacterium;s__	d__Bacteria;p__Proteobacteria;c__Gammaproteobacteria;o__Nevskiales;f__Sinobacteraceae;g__Sinimarinibacterium;x__unclassified Sinimarinibacterium;s__Sinimarinibacterium sp. CAU 1509	297.0	4544824.0	11	50	none	4544527.0	0.0	SUKF00000000.1	4237.0	24.0	719926	2.0	none	none	none	none	none	none	1522	NZ_SUKF01000001.1	1494	2760	0	100	MK123466.1.1494	Bacteria;Proteobacteria;Gammaproteobacteria;Salinisphaerales;Solimonadaceae;Fontimonas;Sinimarinibacterium sp.	297.0	20.0	50.0	0.0
RS_GCF_000474945.1	Bacteria	Proteobacteria	Gammaproteobacteria	Nevskiales	Nevskiaceae	Solimonas	Solimonas soli	0.0	100.0	0.36	480.0	c__Gammaproteobacteria (UID4202)	275.0	0.0	3809391.0	90.99219563439941	44.0	2865937.0	68.5094750017391	4186503.0	RS_GCF_000474945.1	t	d__Bacteria;p__Proteobacteria;c__Gammaproteobacteria;o__Nevskiales;f__Nevskiaceae;g__Solimonas;s__Solimonas soli	type strain of species	LPSN; DSMZ	t	6.0	5.0	569767.0	569767.0	542001	1.0	2851	NZ_KI440836.1	542001	1.0	107	NZ_KI440836.1	2842	5249	0	100	AXDW01000002.17229.20072	Bacteria;Proteobacteria;Gammaproteobacteria;Salinisphaerales;Solimonadaceae;Solimonas;Solimonas soli DSM 21787	95074.0	123132.0	t	f	f	263432.0	320703.0	Scaffold	ASM47494v1	na	PRJNA224116	SAMN02440774	44	263432	South Korea	2013-10-18	GCA_000474945.1	none	full	none	none	none	0.0	1	Solimonas soli DSM 21787	3763	representative genome	3	34	5	320703	234686	79898	2013/10/18	10.0	413479.0	1	DSM 21787	DOE Joint Genome Institute	1123261.0	d__Bacteria;p__Proteobacteria;c__Gammaproteobacteria;o__Nevskiales;f__Sinobacteraceae;g__Solimonas;s__Solimonas soli	d__Bacteria;p__Proteobacteria;c__Gammaproteobacteria;o__Nevskiales;f__Sinobacteraceae;g__Solimonas;s__Solimonas soli;x__Solimonas soli DSM 21787	3232.0	4186503.0	11	45	assembly from type material	4183271.0	0.0	AXDW00000000.1	3787.0	34.0	542001	1.0	1487	2747	0	100	192482	k__Bacteria;p__Proteobacteria;c__Gammaproteobacteria;o__Xanthomonadales;f__Sinobacteraceae;g__Solimonas;s__soli	1526	NZ_KI440836.1	1477	2728	0	100	EF067861.1.1480	Bacteria;Proteobacteria;Gammaproteobacteria;Salinisphaerales;Solimonadaceae;Solimonas;Solimonas soli	3232.0	20.0	44.0	0.0
RS_GCF_900111015.1	Bacteria	Proteobacteria	Gammaproteobacteria	Nevskiales	Nevskiaceae	Solimonas	Solimonas aquatica	0.0	99.05	0.95	481.0	c__Gammaproteobacteria (UID4202)	276.0	0.0	3997401.0	90.2948122397395	39.0	2920947.0	66.1355425103479	4427055.0	RS_GCF_900111015.1	t	d__Bacteria;p__Proteobacteria;c__Gammaproteobacteria;o__Nevskiales;f__Nevskiaceae;g__Solimonas;s__Solimonas aquatica	type strain of species	LPSN; DSMZ	f	8.0	7.0	447102.0	599916.0	300957	3.0	2853	NZ_FOFS01000005.1	300957	3.0	107	NZ_FOFS01000005.1	2853	5269	0	100	FOFS01000012.2268.5129	Bacteria;Proteobacteria;Gammaproteobacteria;Salinisphaerales;Solimonadaceae;Solimonas;Solimonas aquatica	113246.0	142808.0	t	f	f	216664.0	237140.0	Scaffold	IMG-taxon 2616644811 annotated assembly	na	PRJNA224116	SAMN04488038	39	216664	none	2016-10-31	GCA_900111015.1	none	full	none	none	none	0.0	1	Solimonas aquatica	3902	representative genome	9	none	none	none	none	none	2016/10/31	8.0	489703.0	3	DSM 25927	DOE - JOINT GENOME INSTITUTE	489703.0	d__Bacteria;p__Proteobacteria;c__Gammaproteobacteria;o__Nevskiales;f__Sinobacteraceae;g__Solimonas;s__Solimonas aquatica	d__Bacteria;p__Proteobacteria;c__Gammaproteobacteria;o__Nevskiales;f__Sinobacteraceae;g__Solimonas;s__Solimonas aquatica	10448.0	4427055.0	11	50	assembly from type material	4416607.0	0.0	FOFS00000000.1	3901.0	31.0	300957	3.0	1448	2675	0	100	245026	k__Bacteria;p__Proteobacteria;c__Gammaproteobacteria;o__Xanthomonadales;f__Sinobacteraceae;g__;s__	1526	NZ_FOFS01000005.1	1448	2675	0	100	EU303271.1.1448	Bacteria;Proteobacteria;Gammaproteobacteria;Salinisphaerales;Solimonadaceae;Solimonas;Solimonas aquatica	10448.0	20.0	50.0	0.0
GB_GCA_008012115.1	Bacteria	Proteobacteria	Gammaproteobacteria	Nevskiales	Nevskiaceae	Stenotrophobium	Stenotrophobium sp008012115	0.0	96.62	1.77	481.0	c__Gammaproteobacteria (UID4202)	276.0	9.09	2942152.0	90.62342429808209	24.0	2142113.0	65.98082467983889	3246569.0	GB_GCA_008012115.1	t	d__Bacteria;p__Proteobacteria;c__Gammaproteobacteria;o__Nevskiales;f__Nevskiaceae;g__Stenotrophobium;s__Stenotrophobium sp008012115	not type material	none	f	5.0	5.0	657744.0	657744.0	none	0.0	none	none	none	0.0	none	none	none	none	none	none	none	none	135273.0	135273.0	f	f	t	241139.0	241139.0	Contig	ASM801211v1	na	PRJNA428383	SAMN10026501	24	241139	none	2019-08-19	GCA_008012115.1	derived from metagenome	full	Bin_35_3	none	none	0.0	1	Sinobacteraceae bacterium	none	na	1	none	none	none	none	none	2019/08/19	0.0	1969813.0	1	Bin_35_3	Colorado School of Mines	1969813.0	d__Bacteria;p__Proteobacteria;c__Gammaproteobacteria;o__Nevskiales;f__Sinobacteraceae;g__;s__	d__Bacteria;p__Proteobacteria;c__Gammaproteobacteria;o__Nevskiales;f__Sinobacteraceae;x__unclassified Sinobacteraceae;s__Sinobacteraceae bacterium	0.0	3246569.0	11	42	none	3246569.0	0.0	SSEB00000000.1	2947.0	24.0	27034	1.0	none	none	none	none	none	none	1344	SSEB01000013.1	1341	1908	0	92.468	JX458423.1.1460	Bacteria;Proteobacteria;Gammaproteobacteria;Salinisphaerales;Solimonadaceae;Alkanibacter;gamma proteobacterium W1.09-152	0.0	18.0	42.0	0.0
GB_GCA_903970595.1	Bacteria	Proteobacteria	Gammaproteobacteria	Nevskiales	Nevskiaceae	Nevskia	Nevskia sp903970595	0.0	91.37	4.97	481.0	c__Gammaproteobacteria (UID4202)	276.0	4.0	4516546.0	87.72971636386801	534.0	3349583.0	65.0625425994187	5148251.0	GB_GCA_903970595.1	t	d__Bacteria;p__Proteobacteria;c__Gammaproteobacteria;o__Nevskiales;f__Nevskiaceae;g__Nevskia;s__Nevskia sp903970595	not type material	none	f	112.0	112.0	101882.0	101882.0	14853	1.0	471	CAJCJI010000441.1	14853	1.0	106	CAJCJI010000441.1	472	848	0	99.153	JONR01000049.16303.19167	Bacteria;Proteobacteria;Gammaproteobacteria;Salinisphaerales;Solimonadaceae;Nevskia;Nevskia soli DSM 19509	9640.0	9640.0	f	f	t	13035.0	13035.0	Contig	MOSS_genome_mining.1	na	PRJEB39100	SAMEA7025451	534	13035	none	2020-07-20	GCA_903970595.1	none	full	MOSS_genome_mining.1	none	none	0.0	none	Verrucomicrobia bacterium	none	na	none	none	none	none	none	none	2020/07/20	0.0	2026799.0	none	MOSS_genome_mining.1	INSTITUTE OF ENVIRONMENTAL BIOTECHNOLOGY, GRAZ UNIVERSITY OF TECHNOLOGY	2026799.0	d__Bacteria;p__Verrucomicrobia;c__;o__;f__;g__;s__	d__Bacteria;x__PVC group;p__Verrucomicrobia;x__unclassified Verrucomicrobia;s__Verrucomicrobia bacterium	0.0	5148251.0	none	none	none	5148251.0	0.0	CAJCJI000000000.1	4854.0	534.0	none	0.0	none	none	none	none	none	none	none	none	none	none	none	none	none	none	0.0	20.0	83.0	1.0
RS_GCF_003052265.1	Bacteria	Proteobacteria	Gammaproteobacteria	Nevskiales	Nevskiaceae	Stenotrophobium	Stenotrophobium rhamnosiphilum	6.0	100.0	0.82	481.0	c__Gammaproteobacteria (UID4202)	276.0	0.0	3619504.0	91.37224321575407	21.0	2155064.0	54.4034017398979	3961273.0	RS_GCF_003052265.1	t	d__Bacteria;p__Proteobacteria;c__Gammaproteobacteria;o__Nevskiales;f__Nevskiaceae;g__Stenotrophobium;s__Stenotrophobium rhamnosiphilum	type strain of species	LPSN; DSMZ	t	3.0	3.0	870383.0	870383.0	5402	1.0	2869	NZ_QANS01000015.1	5402	1.0	105	NZ_QANS01000015.1	2882	3879	0	91.256	CP031704.308244.311119	Bacteria;Proteobacteria;Gammaproteobacteria;Salinisphaerales;Solimonadaceae;Solimonas;Solimonas sp. K1W22B-7	188632.0	188632.0	t	f	f	710045.0	710045.0	Contig	ASM305226v1	na	PRJNA224116	SAMN07488290	21	710045	none	2018-04-16	GCA_003052265.1	none	full	none	none	none	0.0	1	Stenotrophobium rhamnosiphilum	3613	representative genome	3	none	none	none	none	none	2018/04/16	0.0	2029166.0	1	GT1R17	Institute of Microbiology, Chinese Academy of Sciences	2029166.0	d__Bacteria;p__Proteobacteria;c__Gammaproteobacteria;o__Nevskiales;f__Sinobacteraceae;g__Stenotrophobium;s__Stenotrophobium rhamnosiphilum	d__Bacteria;p__Proteobacteria;c__Gammaproteobacteria;o__Nevskiales;f__Sinobacteraceae;g__Stenotrophobium;s__Stenotrophobium rhamnosiphilum	0.0	3961273.0	11	43	assembly from type material	3961273.0	0.0	QANS00000000.1	3657.0	21.0	5402	1.0	1450	2604	0	99.103	4426211	k__Bacteria;p__Proteobacteria;c__Gammaproteobacteria;o__Xanthomonadales;f__Sinobacteraceae;g__;s__	1525	NZ_QANS01000015.1	1478	2724	0	99.932	MF156859.1.1481	Bacteria;Proteobacteria;Gammaproteobacteria;Salinisphaerales;Solimonadaceae;Alkanibacter;Sinobacteraceae bacterium	0.0	20.0	45.0	0.0
RS_GCF_003428335.1	Bacteria	Proteobacteria	Gammaproteobacteria	Nevskiales	Nevskiaceae	Solimonas_A	Solimonas_A sp003428335	0.0	100.0	0.64	481.0	c__Gammaproteobacteria (UID4202)	276.0	20.0	4854333.0	90.34103915217008	1.0	3604990.0	67.0902764052614	5373342.0	RS_GCF_003428335.1	t	d__Bacteria;p__Proteobacteria;c__Gammaproteobacteria;o__Nevskiales;f__Nevskiaceae;g__Solimonas_A;s__Solimonas_A sp003428335	not type material	none	f	1.0	1.0	5373342.0	5373342.0	5373342	2.0	2847	NZ_CP031704.1	5373342	2.0	108	NZ_CP031704.1	2847	5258	0	100	CP031704.308244.311119	Bacteria;Proteobacteria;Gammaproteobacteria;Salinisphaerales;Solimonadaceae;Solimonas;Solimonas sp. K1W22B-7	5373342.0	5373342.0	t	f	f	5373342.0	5373342.0	Complete Genome	ASM342833v1	na	PRJNA224116	SAMN09840077	none	none	none	2018-08-26	GCA_003428335.1	none	full	none	none	none	1.0	1	Solimonas sp. K1W22B-7	none	na	6	none	none	none	none	none	2018/08/26	0.0	2303331.0	2	K1W22B-7	Chinese Academy of Sciences	2303331.0	d__Bacteria;p__Proteobacteria;c__Gammaproteobacteria;o__Nevskiales;f__Sinobacteraceae;g__Solimonas;s__	d__Bacteria;p__Proteobacteria;c__Gammaproteobacteria;o__Nevskiales;f__Sinobacteraceae;g__Solimonas;x__unclassified Solimonas;s__Solimonas sp. K1W22B-7	0.0	5373342.0	11	55	none	5373342.0	0.0	none	4737.0	1.0	5373342	2.0	none	none	none	none	none	none	1527	NZ_CP031704.1	1527	2820	0	100	CP031704.2678749.2680279	Bacteria;Proteobacteria;Gammaproteobacteria;Salinisphaerales;Solimonadaceae;uncultured;Solimonas sp. K1W22B-7	0.0	20.0	54.0	0.0
RS_GCF_900129825.1	Bacteria	Proteobacteria	Gammaproteobacteria	Nevskiales	Nevskiaceae	Hydrocarboniphaga	Hydrocarboniphaga daqingensis	0.0	99.64	0.36	481.0	c__Gammaproteobacteria (UID4202)	276.0	0.0	3491230.0	91.85808426812271	24.0	2479504.0	65.3270880790574	3800678.0	RS_GCF_900129825.1	t	d__Bacteria;p__Proteobacteria;c__Gammaproteobacteria;o__Nevskiales;f__Nevskiaceae;g__Hydrocarboniphaga;s__Hydrocarboniphaga daqingensis	type strain of species	LPSN; DSMZ	f	5.0	3.0	684028.0	684028.0	655287	2.0	2829	NZ_FQWZ01000002.1	655287	2.0	105	NZ_FQWZ01000002.1	2829	5225	0	100	FQWZ01000008.227655.230492	Bacteria;Proteobacteria;Gammaproteobacteria;Salinisphaerales;Solimonadaceae;Hydrocarboniphaga;Hydrocarboniphaga daqingensis	158146.0	292359.0	t	f	f	260417.0	599410.0	Scaffold	IMG-taxon 2619618894 annotated assembly	na	PRJNA224116	SAMN04488068	24	260417	none	2016-12-03	GCA_900129825.1	none	full	none	none	none	0.0	1	Hydrocarboniphaga daqingensis	3274	representative genome	6	none	none	none	none	none	2016/12/03	11.0	490188.0	2	CGMCC 1.7049	DOE - JOINT GENOME INSTITUTE	490188.0	d__Bacteria;p__Proteobacteria;c__Gammaproteobacteria;o__Nevskiales;f__Sinobacteraceae;g__Hydrocarboniphaga;s__Hydrocarboniphaga daqingensis	d__Bacteria;p__Proteobacteria;c__Gammaproteobacteria;o__Nevskiales;f__Sinobacteraceae;g__Hydrocarboniphaga;s__Hydrocarboniphaga daqingensis	5156.0	3800678.0	11	47	assembly from type material	3795522.0	0.0	FQWZ00000000.1	3277.0	13.0	655287	2.0	1451	2680	0	100	4380416	k__Bacteria;p__Proteobacteria;c__Gammaproteobacteria;o__Xanthomonadales;f__Sinobacteraceae;g__Hydrocarboniphaga;s__	1523	NZ_FQWZ01000002.1	1487	2747	0	100	EU313812.1.1487	Bacteria;Proteobacteria;Gammaproteobacteria;Salinisphaerales;Solimonadaceae;Hydrocarboniphaga;Hydrocarboniphaga daqingensis	5156.0	20.0	47.0	0.0
GB_GCA_002706265.1	Bacteria	Proteobacteria	Gammaproteobacteria	Nevskiales	Nevskiaceae	Polycyclovorans	Polycyclovorans sp002706265	566.0	98.91	4.26	481.0	c__Gammaproteobacteria (UID4202)	276.0	0.0	2935667.0	91.71136384581621	43.0	2083713.0	65.1075062359022	3200985.0	GB_GCA_002706265.1	t	d__Bacteria;p__Proteobacteria;c__Gammaproteobacteria;o__Nevskiales;f__Nevskiaceae;g__Polycyclovorans;s__Polycyclovorans sp002706265	not type material	none	f	9.0	9.0	311296.0	311296.0	none	0.0	none	none	none	0.0	none	none	none	none	none	none	none	none	74441.0	74441.0	f	f	t	122172.0	122172.0	Contig	ASM270626v1	na	PRJNA391943	SAMN07619746	43	122172	none	2017-10-25	GCA_002706265.1	derived from metagenome	full	SAT60	none	none	0.0	1	Polycyclovorans sp.	3021	na	0	none	none	none	none	none	2017/10/25	0.0	2024852.0	0	SAT60	Tara Oceans Consortium	2024852.0	d__Bacteria;p__Proteobacteria;c__Gammaproteobacteria;o__Nevskiales;f__Sinobacteraceae;g__Polycyclovorans;s__	d__Bacteria;p__Proteobacteria;c__Gammaproteobacteria;o__Nevskiales;f__Sinobacteraceae;g__Polycyclovorans;x__unclassified Polycyclovorans;s__Polycyclovorans sp.	0.0	3200985.0	11	44	none	3200985.0	0.0	PAKU00000000.1	3041.0	43.0	none	0.0	none	none	none	none	none	none	none	none	none	none	none	none	none	none	0.0	18.0	43.0	0.0
GB_GCA_013823855.1	Bacteria	Proteobacteria	Gammaproteobacteria	Nevskiales	Nevskiaceae	Nevskia	Nevskia sp013823855	0.0	88.32	3.95	481.0	c__Gammaproteobacteria (UID4202)	276.0	0.0	3528954.0	91.2020294718974	87.0	2612877.0	67.527002381001	3869381.0	GB_GCA_013823855.1	t	d__Bacteria;p__Proteobacteria;c__Gammaproteobacteria;o__Nevskiales;f__Nevskiaceae;g__Nevskia;s__Nevskia sp013823855	not type material	none	f	14.0	14.0	245557.0	245557.0	211935	1.0	2830	PNMW01000007.1	211935	1.0	107	PNMW01000007.1	2834	4979	0	98.412	ATVI01000012.2241.5075	Bacteria;Proteobacteria;Gammaproteobacteria;Salinisphaerales;Solimonadaceae;Nevskia;Nevskia ramosa DSM 11499	44475.0	44475.0	f	f	t	88852.0	88852.0	Contig	ASM1382385v1	na	PRJNA323575	SAMN08286340	87	88852	none	2020-07-28	GCA_013823855.1	derived from metagenome	full	BC.045	none	none	0.0	1	Xanthomonadaceae bacterium	none	na	3	none	none	none	none	none	2020/07/28	0.0	1926873.0	1	BC.045	University of Illinois at Urbana-Champaign	1926873.0	d__Bacteria;p__Proteobacteria;c__Gammaproteobacteria;o__Xanthomonadales;f__Xanthomonadaceae;g__;s__	d__Bacteria;p__Proteobacteria;c__Gammaproteobacteria;o__Xanthomonadales;f__Xanthomonadaceae;x__unclassified Xanthomonadaceae;s__Xanthomonadaceae bacterium	0.0	3869381.0	11	34	none	3869381.0	0.0	PNMW00000000.1	3526.0	87.0	211935	1.0	none	none	none	none	none	none	1521	PNMW01000007.1	1511	2719	0	99.14	AY328616.1.1511	Bacteria;Proteobacteria;Gammaproteobacteria;Salinisphaerales;Solimonadaceae;Nevskia;uncultured bacterium	0.0	16.0	34.0	0.0
RS_GCF_000420645.1	Bacteria	Proteobacteria	Gammaproteobacteria	Nevskiales	Nevskiaceae	Nevskia	Nevskia ramosa	0.0	99.55	1.99	481.0	c__Gammaproteobacteria (UID4202)	276.0	0.0	4133198.0	91.5379206406683	13.0	2908683.0	64.418591517479	4515285.0	RS_GCF_000420645.1	t	d__Bacteria;p__Proteobacteria;c__Gammaproteobacteria;o__Nevskiales;f__Nevskiaceae;g__Nevskia;s__Nevskia ramosa	type strain of species	LPSN; DSMZ	t	2.0	2.0	1364452.0	1364452.0	122047	2.0	2832	NZ_ATVI01000001.1	122047	2.0	106	NZ_ATVI01000001.1	2831	5228	0	100	ATVI01000012.2241.5075	Bacteria;Proteobacteria;Gammaproteobacteria;Salinisphaerales;Solimonadaceae;Nevskia;Nevskia ramosa DSM 11499	347329.0	347329.0	t	f	f	968072.0	968072.0	Contig	ASM42064v1	na	PRJNA224116	SAMN02440574	13	968072	Germany	2013-07-09	GCA_000420645.1	none	full	none	none	54.0427 N 13.416 E	0.0	1	Nevskia ramosa DSM 11499	3993	representative genome	8	none	none	none	none	none	2013/07/09	0.0	64002.0	4	DSM 11499	DOE Joint Genome Institute	1122603.0	d__Bacteria;p__Proteobacteria;c__Gammaproteobacteria;o__Nevskiales;f__Sinobacteraceae;g__Nevskia;s__Nevskia ramosa	d__Bacteria;p__Proteobacteria;c__Gammaproteobacteria;o__Nevskiales;f__Sinobacteraceae;g__Nevskia;s__Nevskia ramosa;x__Nevskia ramosa DSM 11499	0.0	4515285.0	11	47	assembly from type material	4515285.0	0.0	ATVI00000000.1	3993.0	13.0	122047	4.0	none	none	none	none	none	none	1521	NZ_ATVI01000001.1	1504	2778	0	100	ATVI01000001.120420.121923	Bacteria;Proteobacteria;Gammaproteobacteria;Salinisphaerales;Solimonadaceae;Nevskia;Nevskia ramosa DSM 11499	0.0	20.0	47.0	0.0
GB_GCA_903822975.1	Bacteria	Proteobacteria	Gammaproteobacteria	Nevskiales	Nevskiaceae	Nevskia	Nevskia sp903822975	0.0	98.01	3.83	481.0	c__Gammaproteobacteria (UID4202)	276.0	0.0	3866028.0	86.70446260106571	20.0	2795882.0	62.704006878893004	4458857.0	GB_GCA_903822975.1	t	d__Bacteria;p__Proteobacteria;c__Gammaproteobacteria;o__Nevskiales;f__Nevskiaceae;g__Nevskia;s__Nevskia sp903822975	not type material	none	f	3.0	3.0	986657.0	986657.0	26817	1.0	1146	CAIJRD010000014.1	26817	1.0	107	CAIJRD010000014.1	1158	1755	0	94.214	JONR01000049.16303.19167	Bacteria;Proteobacteria;Gammaproteobacteria;Salinisphaerales;Solimonadaceae;Nevskia;Nevskia soli DSM 19509	222942.0	222942.0	f	f	t	576923.0	576923.0	Contig	freshwater MAG --- MJ130729B_bin-348	na	PRJEB38681	SAMEA6944833	20	576923	none	2020-07-19	GCA_903822975.1	derived from environmental sample	full	MJ130729B_bin-348	none	none	0.0	none	uncultured Sinobacteraceae bacterium	none	na	none	none	none	none	none	none	2020/07/19	0.0	694021.0	none	MJ130729B_bin-348	BILS	694021.0	d__Bacteria;p__Proteobacteria;c__Gammaproteobacteria;o__Nevskiales;f__Sinobacteraceae;g__;s__	d__Bacteria;p__Proteobacteria;c__Gammaproteobacteria;o__Nevskiales;f__Sinobacteraceae;x__environmental samples;s__uncultured Sinobacteraceae bacterium	0.0	4458857.0	none	none	none	4458857.0	0.0	CAIJRD000000000.1	3870.0	20.0	none	0.0	none	none	none	none	none	none	none	none	none	none	none	none	none	none	0.0	18.0	44.0	0.0
RS_GCF_010092425.1	Bacteria	Proteobacteria	Gammaproteobacteria	Nevskiales	Nevskiaceae	Sinimarinibacterium	Sinimarinibacterium sp010092425	0.0	100.0	1.99	481.0	c__Gammaproteobacteria (UID4202)	276.0	0.0	2924886.0	91.37958559851593	1.0	1947296.0	60.837619489322904	3200809.0	RS_GCF_010092425.1	t	d__Bacteria;p__Proteobacteria;c__Gammaproteobacteria;o__Nevskiales;f__Nevskiaceae;g__Sinimarinibacterium;s__Sinimarinibacterium sp010092425	not type material	none	f	1.0	1.0	3200809.0	3200809.0	3200809	2.0	2852	NZ_CP048030.1	3200809	2.0	109	NZ_CP048030.1	2853	4102	0	92.674	ARNM01000019.898.3751	Bacteria;Proteobacteria;Gammaproteobacteria;Salinisphaerales;Solimonadaceae;Solimonas;Solimonas variicoloris DSM 15731	3200809.0	3200809.0	t	f	f	3200809.0	3200809.0	Complete Genome	ASM1009242v1	na	PRJNA224116	SAMN13814097	none	none	none	2020-02-01	GCA_010092425.1	none	full	NLF-5-8	none	none	1.0	1	Sinimarinibacterium sp. NLF-5-8	none	na	6	none	none	none	none	none	2020/02/01	0.0	2698684.0	2	NLF-5-8	Korea Research Institute of Bioscience and Biotechnology	2698684.0	d__Bacteria;p__Proteobacteria;c__Gammaproteobacteria;o__Nevskiales;f__Sinobacteraceae;g__Sinimarinibacterium;s__	d__Bacteria;p__Proteobacteria;c__Gammaproteobacteria;o__Nevskiales;f__Sinobacteraceae;g__Sinimarinibacterium;x__unclassified Sinimarinibacterium;s__Sinimarinibacterium sp. NLF-5-8	0.0	3200809.0	11	49	none	3200809.0	0.0	none	2985.0	1.0	3200809	2.0	none	none	none	none	none	none	1534	NZ_CP048030.1	1496	2728	0	99.599	AJ318170.1.1494	Bacteria;Proteobacteria;Gammaproteobacteria;Salinisphaerales;Solimonadaceae;Solimonas;uncultured gamma proteobacterium	0.0	20.0	47.0	0.0
RS_GCF_000711245.1	Bacteria	Proteobacteria	Gammaproteobacteria	Nevskiales	Nevskiaceae	Polycyclovorans	Polycyclovorans algicola	0.0	99.55	1.82	481.0	c__Gammaproteobacteria (UID4202)	276.0	25.0	3334725.0	91.28197561981743	1.0	2330081.0	63.7816902545786	3653213.0	RS_GCF_000711245.1	t	d__Bacteria;p__Proteobacteria;c__Gammaproteobacteria;o__Nevskiales;f__Nevskiaceae;g__Polycyclovorans;s__Polycyclovorans algicola	type strain of species	LPSN	t	1.0	1.0	3653213.0	3653213.0	3653213	2.0	2861	NZ_JOMH01000001.1	3653213	2.0	97	NZ_JOMH01000001.1	2861	5284	0	100	JOMH01000001.1094561.1097424	Bacteria;Proteobacteria;Gammaproteobacteria;Salinisphaerales;Solimonadaceae;Polycyclovorans;Polycyclovorans algicola TG408	3653213.0	3653213.0	t	f	f	3653213.0	3653213.0	Contig	ASM71124v1	na	PRJNA224116	SAMN02744757	1	3653213	none	2014-06-24	GCA_000711245.1	none	full	none	none	none	0.0	1	Polycyclovorans algicola TG408	3375	representative genome	6	none	none	none	none	none	2014/06/24	0.0	616992.0	2	TG408	DOE Joint Genome Institute	1415779.0	d__Bacteria;p__Proteobacteria;c__Gammaproteobacteria;o__Nevskiales;f__Sinobacteraceae;g__Polycyclovorans;s__Polycyclovorans algicola	d__Bacteria;p__Proteobacteria;c__Gammaproteobacteria;o__Nevskiales;f__Sinobacteraceae;g__Polycyclovorans;s__Polycyclovorans algicola;x__Polycyclovorans algicola TG408	0.0	3653213.0	11	48	assembly from type material	3653213.0	0.0	JOMH00000000.1	3417.0	1.0	3653213	2.0	1494	2687	0	99.13	1111827	k__Bacteria;p__Proteobacteria;c__Gammaproteobacteria;o__Xanthomonadales;f__Sinobacteraceae;g__;s__	1527	NZ_JOMH01000001.1	1510	2789	0	100	JOMH01000001.1092401.1093910	Bacteria;Proteobacteria;Gammaproteobacteria;Salinisphaerales;Solimonadaceae;Polycyclovorans;Polycyclovorans algicola TG408	0.0	20.0	48.0	0.0
RS_GCF_000711955.1	Bacteria	Proteobacteria	Gammaproteobacteria	Nevskiales	Nevskiaceae	Nevskia	Nevskia soli	0.0	99.64	6.19	481.0	c__Gammaproteobacteria (UID4202)	276.0	6.9	5051119.0	87.3803802712862	92.0	3761829.0	65.0945159270784	5780610.0	RS_GCF_000711955.1	t	d__Bacteria;p__Proteobacteria;c__Gammaproteobacteria;o__Nevskiales;f__Nevskiaceae;g__Nevskia;s__Nevskia soli	type strain of species	LPSN; DSMZ	f	15.0	13.0	454222.0	454222.0	32245	1.0	2862	NZ_JONR01000049.1	32245	1.0	106	NZ_JONR01000049.1	2862	5286	0	100	JONR01000049.16303.19167	Bacteria;Proteobacteria;Gammaproteobacteria;Salinisphaerales;Solimonadaceae;Nevskia;Nevskia soli DSM 19509	62815.0	67216.0	f	f	t	111903.0	128335.0	Scaffold	ASM71195v1	na	PRJNA224116	SAMN02745696	92	111903	South Korea: Yeongju region	2014-06-25	GCA_000711955.1	none	full	none	none	none	0.0	1	Nevskia soli DSM 19509	5115	representative genome	3	86	13	128335	67944	33113	2014/06/25	6.0	418856.0	1	DSM 19509	DOE Joint Genome Institute	1122604.0	d__Bacteria;p__Proteobacteria;c__Gammaproteobacteria;o__Nevskiales;f__Sinobacteraceae;g__Nevskia;s__Nevskia soli	d__Bacteria;p__Proteobacteria;c__Gammaproteobacteria;o__Nevskiales;f__Sinobacteraceae;g__Nevskia;s__Nevskia soli;x__Nevskia soli DSM 19509	1584.0	5780610.0	11	45	assembly from type material	5779026.0	0.0	JONR00000000.1	5132.0	86.0	32245	1.0	1462	2700	0	100	1122241	k__Bacteria;p__Proteobacteria;c__Gammaproteobacteria;o__Xanthomonadales;f__Sinobacteraceae;g__Nevskia;s__	1523	NZ_JONR01000049.1	1462	2700	0	100	EF178286.1.1462	Bacteria;Proteobacteria;Gammaproteobacteria;Salinisphaerales;Solimonadaceae;Nevskia;Nevskia soli	1584.0	20.0	45.0	0.0
RS_GCF_003201205.1	Bacteria	Proteobacteria	Gammaproteobacteria	Nevskiales	Nevskiaceae	Sinimarinibacterium	Sinimarinibacterium flocculans	9.0	100.0	2.01	481.0	c__Gammaproteobacteria (UID4202)	276.0	14.29	4053934.0	92.1124635599979	41.0	2986653.0	67.86508934146629	4401070.0	RS_GCF_003201205.1	t	d__Bacteria;p__Proteobacteria;c__Gammaproteobacteria;o__Nevskiales;f__Nevskiaceae;g__Sinimarinibacterium;s__Sinimarinibacterium flocculans	type strain of species	LPSN; DSMZ	t	5.0	4.0	808058.0	808058.0	594828	1.0	2850	NZ_QICN01000002.1	594828	1.0	108	NZ_QICN01000002.1	2853	4325	0	94.076	ARNM01000019.898.3751	Bacteria;Proteobacteria;Gammaproteobacteria;Salinisphaerales;Solimonadaceae;Solimonas;Solimonas variicoloris DSM 15731	107338.0	112847.0	t	f	f	260599.0	360159.0	Scaffold	ASM320120v1	na	PRJNA224116	SAMN08776298	41	260599	none	2018-06-07	GCA_003201205.1	none	full	none	none	none	0.0	1	Sinimarinibacterium flocculans	4014	representative genome	3	none	none	none	none	none	2018/06/07	2.0	985250.0	1	DSM 104150	DOE Joint Genome Institute	985250.0	d__Bacteria;p__Proteobacteria;c__Gammaproteobacteria;o__Nevskiales;f__Sinobacteraceae;g__Sinimarinibacterium;s__Sinimarinibacterium flocculans	d__Bacteria;p__Proteobacteria;c__Gammaproteobacteria;o__Nevskiales;f__Sinobacteraceae;g__Sinimarinibacterium;s__Sinimarinibacterium flocculans	193.0	4401070.0	11	47	assembly from type material	4400877.0	0.0	QICN00000000.1	4032.0	39.0	594828	1.0	1493	2758	0	100	940116	k__Bacteria;p__Proteobacteria;c__Gammaproteobacteria;o__Xanthomonadales;f__Sinobacteraceae;g__;s__	1526	NZ_QICN01000002.1	1493	2747	0	99.866	HQ875491.1.1493	Bacteria;Proteobacteria;Gammaproteobacteria;Salinisphaerales;Solimonadaceae;Fontimonas;Sinimarinibacterium flocculans	193.0	20.0	47.0	0.0
GB_GCA_903970615.1	Bacteria	Proteobacteria	Gammaproteobacteria	Nevskiales	Nevskiaceae	Nevskia	Nevskia sp903970615	0.0	97.83	2.02	481.0	c__Gammaproteobacteria (UID4202)	276.0	10.0	2840584.0	89.4973739181393	126.0	1908014.0	60.1151884257057	3173930.0	GB_GCA_903970615.1	t	d__Bacteria;p__Proteobacteria;c__Gammaproteobacteria;o__Nevskiales;f__Nevskiaceae;g__Nevskia;s__Nevskia sp903970615	not type material	none	f	27.0	27.0	117620.0	117620.0	22866	1.0	471	CAJCJH010000080.1	22866	1.0	107	CAJCJH010000080.1	471	771	0	96.178	ATVI01000012.2241.5075	Bacteria;Proteobacteria;Gammaproteobacteria;Salinisphaerales;Solimonadaceae;Nevskia;Nevskia ramosa DSM 11499	25189.0	25189.0	f	f	t	34552.0	34552.0	Contig	MOSS_genome_mining.7	na	PRJEB39100	SAMEA7025453	126	34552	none	2020-07-19	GCA_903970615.1	none	full	MOSS_genome_mining.7	none	none	0.0	none	Rhodospirillales bacterium	none	na	none	none	none	none	none	none	2020/07/19	0.0	2026786.0	none	MOSS_genome_mining.7	INSTITUTE OF ENVIRONMENTAL BIOTECHNOLOGY, GRAZ UNIVERSITY OF TECHNOLOGY	2026786.0	d__Bacteria;p__Proteobacteria;c__Alphaproteobacteria;o__Rhodospirillales;f__;g__;s__	d__Bacteria;p__Proteobacteria;c__Alphaproteobacteria;o__Rhodospirillales;x__unclassified Rhodospirillales;s__Rhodospirillales bacterium	0.0	3173930.0	none	none	none	3173930.0	0.0	CAJCJH000000000.1	2957.0	126.0	3368	1.0	none	none	none	none	none	none	337	CAJCJH010000030.1	330	582	8.17e-165	98.485	AJ292674.1.1489	Bacteria;Proteobacteria;Gammaproteobacteria;Salinisphaerales;Solimonadaceae;Nevskia;uncultured eubacterium WD280	0.0	18.0	40.0	0.0
RS_GCF_000382285.1	Bacteria	Proteobacteria	Gammaproteobacteria	Nevskiales	Nevskiaceae	Solimonas	Solimonas variicoloris	0.0	100.0	0.12	480.0	c__Gammaproteobacteria (UID4202)	275.0	0.0	3727434.0	90.48375620926191	52.0	2845717.0	69.1050515813906	4119451.0	RS_GCF_000382285.1	t	d__Bacteria;p__Proteobacteria;c__Gammaproteobacteria;o__Nevskiales;f__Nevskiaceae;g__Solimonas;s__Solimonas variicoloris	type strain of species	LPSN; DSMZ	f	6.0	6.0	536961.0	536961.0	23801	1.0	2851	NZ_KB907954.1	23801	1.0	107	NZ_KB907954.1	2851	5265	0	100	ARNM01000019.898.3751	Bacteria;Proteobacteria;Gammaproteobacteria;Salinisphaerales;Solimonadaceae;Solimonas;Solimonas variicoloris DSM 15731	79191.0	85821.0	t	f	f	172213.0	174875.0	Scaffold	ASM38228v1	na	PRJNA224116	SAMN02440980	52	172213	Germany	2013-04-24	GCA_000382285.1	none	full	none	none	none	0.0	1	Solimonas variicoloris DSM 15731	3718	representative genome	5	48	6	174875	95028	44691	2013/04/24	4.0	254408.0	3	DSM 15731	DOE Joint Genome Institute	1123256.0	d__Bacteria;p__Proteobacteria;c__Gammaproteobacteria;o__Nevskiales;f__Sinobacteraceae;g__Solimonas;s__Solimonas variicoloris	d__Bacteria;p__Proteobacteria;c__Gammaproteobacteria;o__Nevskiales;f__Sinobacteraceae;g__Solimonas;s__Solimonas variicoloris;x__Solimonas variicoloris DSM 15731	1493.0	4119451.0	11	46	assembly from type material	4117958.0	0.0	ARNM00000000.1	3735.0	48.0	322200	3.0	1507	2726	0	99.336	175477	k__Bacteria;p__Proteobacteria;c__Gammaproteobacteria;o__Xanthomonadales;f__Sinobacteraceae;g__;s__	1526	NZ_KB907928.1	1487	2736	0	99.866	AJ555478.1.1487	Bacteria;Proteobacteria;Gammaproteobacteria;Salinisphaerales;Solimonadaceae;Solimonas;Solimonas variicoloris	1493.0	20.0	46.0	0.0
RS_GCF_002930645.1	Bacteria	Proteobacteria	Gammaproteobacteria	Nevskiales	Nevskiaceae	Solimonas_A	Solimonas_A fluminis	10.0	99.64	0.86	481.0	c__Gammaproteobacteria (UID4202)	276.0	0.0	4243423.0	90.8880092048403	34.0	3188356.0	68.29013985921121	4668848.0	RS_GCF_002930645.1	t	d__Bacteria;p__Proteobacteria;c__Gammaproteobacteria;o__Nevskiales;f__Nevskiaceae;g__Solimonas_A;s__Solimonas_A fluminis	type strain of species	LPSN; DSMZ	f	5.0	5.0	802777.0	802777.0	4259	1.0	2847	NZ_PSNW01000025.1	4259	1.0	108	NZ_PSNW01000025.1	2849	4865	0	97.508	CP031704.308244.311119	Bacteria;Proteobacteria;Gammaproteobacteria;Salinisphaerales;Solimonadaceae;Solimonas;Solimonas sp. K1W22B-7	137319.0	137319.0	f	f	t	321084.0	321084.0	Contig	ASM293064v1	na	PRJNA224116	SAMN08464136	34	321084	none	2018-02-17	GCA_002930645.1	none	full	none	none	none	0.0	1	Solimonas fluminis	4318	representative genome	4	none	none	none	none	none	2018/02/17	0.0	2086571.0	2	HR-BB	Chung-Ang University	2086571.0	d__Bacteria;p__Proteobacteria;c__Gammaproteobacteria;o__Nevskiales;f__Sinobacteraceae;g__Solimonas;s__Solimonas fluminis	d__Bacteria;p__Proteobacteria;c__Gammaproteobacteria;o__Nevskiales;f__Sinobacteraceae;g__Solimonas;s__Solimonas fluminis	0.0	4668848.0	11	47	assembly from type material	4668848.0	0.0	PSNW00000000.1	4362.0	34.0	1038	2.0	none	none	none	none	none	none	923	NZ_PSNW01000034.1	900	1663	0	100	MF682434.1.1452	Bacteria;Proteobacteria;Gammaproteobacteria;Salinisphaerales;Solimonadaceae;uncultured;Solimonas sp.	0.0	20.0	47.0	0.0
RS_GCF_011067135.1	Bacteria	Proteobacteria	Gammaproteobacteria	Nevskiales	Nevskiaceae	Solimonas	Solimonas terrae	0.0	99.55	1.02	481.0	c__Gammaproteobacteria (UID4202)	276.0	0.0	4023042.0	91.0167022841492	20.0	2899171.0	65.5904123739795	4420114.0	RS_GCF_011067135.1	t	d__Bacteria;p__Proteobacteria;c__Gammaproteobacteria;o__Nevskiales;f__Nevskiaceae;g__Solimonas;s__Solimonas terrae	type strain of species	LPSN; DSMZ	f	4.0	4.0	786783.0	786783.0	337588	1.0	2850	NZ_JAAMOW010000006.1	337588	1.0	107	NZ_JAAMOW010000006.1	2851	4807	0	97.124	ARNM01000019.898.3751	Bacteria;Proteobacteria;Gammaproteobacteria;Salinisphaerales;Solimonadaceae;Solimonas;Solimonas variicoloris DSM 15731	221005.0	221005.0	t	f	f	466504.0	466504.0	Contig	ASM1106713v1	na	PRJNA224116	SAMN14255442	20	466504	none	2020-03-07	GCA_011067135.1	none	full	none	none	none	0.0	1	Solimonas terrae	none	representative genome	3	none	none	none	none	none	2020/03/07	0.0	1396819.0	1	KIS83-12	Third Institute of Oceanography, State Oceanic Administration	1396819.0	d__Bacteria;p__Proteobacteria;c__Gammaproteobacteria;o__Nevskiales;f__Sinobacteraceae;g__Solimonas;s__Solimonas terrae	d__Bacteria;p__Proteobacteria;c__Gammaproteobacteria;o__Nevskiales;f__Sinobacteraceae;g__Solimonas;s__Solimonas terrae	0.0	4420114.0	11	46	assembly from type material	4420114.0	0.0	JAAMOW000000000.1	3947.0	20.0	337588	1.0	none	none	none	none	none	none	1525	NZ_JAAMOW010000006.1	1433	2647	0	100	KF112046.1.1433	Bacteria;Proteobacteria;Gammaproteobacteria;Salinisphaerales;Solimonadaceae;Solimonas;Solimonas terrae	0.0	20.0	46.0	0.0
GB_GCA_004298465.1	Bacteria	Proteobacteria	Gammaproteobacteria	Nevskiales	Nevskiaceae	SCRT01	SCRT01 sp004298465	0.0	96.49	1.36	481.0	c__Gammaproteobacteria (UID4202)	276.0	0.0	2745795.0	90.45905302133059	21.0	1970320.0	64.9113576756415	3035401.0	GB_GCA_004298465.1	t	d__Bacteria;p__Proteobacteria;c__Gammaproteobacteria;o__Nevskiales;f__Nevskiaceae;g__SCRT01;s__SCRT01 sp004298465	not type material	none	f	4.0	4.0	430515.0	430515.0	262923	1.0	2863	SCRT01000005.1	262923	1.0	106	SCRT01000005.1	2872	3999	0	91.922	JONR01000049.16303.19167	Bacteria;Proteobacteria;Gammaproteobacteria;Salinisphaerales;Solimonadaceae;Nevskia;Nevskia soli DSM 19509	144542.0	144542.0	t	f	f	356845.0	356845.0	Contig	ASM429846v1	na	PRJNA514088	SAMN10720147	21	356845	none	2019-02-25	GCA_004298465.1	derived from metagenome	full	FW106-02_bin.14	none	none	0.0	1	Sinobacteraceae bacterium	none	na	3	none	none	none	none	none	2019/02/25	0.0	1969813.0	1	FW106-02_bin.14	University of Oklahoma	1969813.0	d__Bacteria;p__Proteobacteria;c__Gammaproteobacteria;o__Nevskiales;f__Sinobacteraceae;g__;s__	d__Bacteria;p__Proteobacteria;c__Gammaproteobacteria;o__Nevskiales;f__Sinobacteraceae;x__unclassified Sinobacteraceae;s__Sinobacteraceae bacterium	0.0	3035401.0	11	43	none	3035401.0	0.0	SCRT00000000.1	2830.0	21.0	262923	1.0	none	none	none	none	none	none	1536	SCRT01000005.1	1504	2054	0	91.556	AB809944.1.1496	Bacteria;Proteobacteria;Gammaproteobacteria;Salinisphaerales;Solimonadaceae;Alkanibacter;uncultured gamma proteobacterium	0.0	19.0	43.0	0.0
GB_GCA_903885465.1	Bacteria	Proteobacteria	Gammaproteobacteria	Nevskiales	Nevskiaceae	Nevskia	Nevskia sp903885465	0.0	95.15	3.12	481.0	c__Gammaproteobacteria (UID4202)	276.0	36.36	4136677.0	91.2639242403952	568.0	2914483.0	64.29971586177011	4532653.0	GB_GCA_903885465.1	t	d__Bacteria;p__Proteobacteria;c__Gammaproteobacteria;o__Nevskiales;f__Nevskiaceae;g__Nevskia;s__Nevskia sp903885465	not type material	none	f	135.0	135.0	61403.0	61403.0	none	0.0	none	none	none	0.0	none	none	none	none	none	none	none	none	7980.0	7980.0	f	f	t	10924.0	10924.0	Contig	freshwater MAG --- MJ-time_bin-0961	na	PRJEB38681	SAMEA6953605	568	10924	none	2020-07-20	GCA_903885465.1	derived from environmental sample	full	MJ-time_bin-0961	none	none	0.0	none	uncultured Nevskia sp.	none	na	none	none	none	none	none	none	2020/07/20	0.0	228950.0	none	MJ-time_bin-0961	BILS	228950.0	d__Bacteria;p__Proteobacteria;c__Gammaproteobacteria;o__Nevskiales;f__Sinobacteraceae;g__Nevskia;s__	d__Bacteria;p__Proteobacteria;c__Gammaproteobacteria;o__Nevskiales;f__Sinobacteraceae;g__Nevskia;x__environmental samples;s__uncultured Nevskia sp.	0.0	4532653.0	none	none	none	4532653.0	0.0	CAISIQ000000000.1	4399.0	568.0	none	0.0	none	none	none	none	none	none	none	none	none	none	none	none	none	none	0.0	18.0	38.0	0.0
